wavs/01.wav|வணக்கம் எப்படி இருக்கீங்க?
wavs/02.wav|நான் இன்று மிகவும் மகிழ்ச்சியாக இருக்கிறேன்.
wavs/03.wav|இது ஒரு தமிழ் உரை.
wavs/04.wav|நீங்கள் என்ன செய்கிறீர்கள்?
wavs/05.wav|எனக்கு புத்தகங்கள் படிக்க விருப்பம்.
wavs/06.wav|இன்று வானிலை அருமையாக உள்ளது.
wavs/07.wav|அவள் ஒரு நல்ல பாடகி.
wavs/08.wav|நாம் நாளை சந்திப்போம்.
wavs/09.wav|என் பெயர் ரித்விக்.
wavs/10.wav|இது என் குரல் மாதிரி.
wavs/11.wav|நான் தினமும் பத்து நிமிடம் நடைபயிற்சி செய்கிறேன்.
wavs/12.wav|தமிழ் என் தாய்மொழி.
wavs/13.wav|அவர் ஒரு பெரிய விஞ்ஞானி.
wavs/14.wav|நீங்கள் எங்கே போகிறீர்கள்?
wavs/15.wav|அந்த படம் மிகவும் சுவாரஸ்யமாக இருந்தது.
wavs/16.wav|நான் ஒரு புதிய மொபைல் வாங்கினேன்.
wavs/17.wav|இது ஒரு சோதனை ஆடியோ.
wavs/18.wav|நன்றி, நல்ல நாளாக இருங்கள்.
wavs/19.wav|அவன் காலை வேளையில் ஓடுகிறான்.
wavs/20.wav|எனக்கு காப்பி பிடிக்கும்.
wavs/21.wav|இந்த திட்டம் வெற்றியடையும்.
wavs/22.wav|நீங்கள் அதைப் பற்றி நினைத்தீர்களா?
wavs/23.wav|அவள் தமிழ் பாடல் பாடினாள்.
wavs/24.wav|என் குடும்பம் பெரியது.
wavs/25.wav|நாம் ஒரு புதிய முயற்சி தொடங்குகிறோம்.
wavs/26.wav|வெளியில் மழை பெய்கிறது.
wavs/27.wav|நீங்கள் ஓய்வு எடுத்துக்கொள்ளுங்கள்.
wavs/28.wav|அவன் பள்ளிக்குச் சென்றான்.
wavs/29.wav|இது ஒரு சிறந்த அனுபவம்.
wavs/30.wav|நன்றி, மீண்டும் சந்திப்போம்.
